<?xml version="1.0" encoding="UTF-8"?>
<jcr:root xmlns:jcr="http://www.jcp.org/jcr/1.0" xmlns:crx="http://www.day.com/crx/1.0" xmlns:rep="internal" xmlns:cq="http://www.day.com/jcr/cq/1.0"
    jcr:primaryType="rep:ACL">
    <allow
        jcr:primaryType="rep:GrantACE"
        rep:principalName="content-reader-service"
        rep:privileges="{Name}[jcr:read]"/>
    <allow1
        jcr:primaryType="rep:GrantACE"
        rep:principalName="connectedassets-assets-techaccts"
        rep:privileges="{Name}[jcr:read]"/>
    <allow2
        jcr:primaryType="rep:GrantACE"
        rep:principalName="connectedassets-sites-techaccts"
        rep:privileges="{Name}[jcr:read]"/>
    <allow3
        jcr:primaryType="rep:GrantACE"
        rep:principalName="resourcecollectionservice"
        rep:privileges="{Name}[jcr:read,jcr:modifyAccessControl,jcr:readAccessControl,rep:write]">
        <rep:restrictions
            jcr:primaryType="rep:Restrictions"
            rep:glob="/dam/collections"/>
    </allow3>
    <allow4
        jcr:primaryType="rep:GrantACE"
        rep:principalName="translation-job-service"
        rep:privileges="{Name}[jcr:read,jcr:modifyAccessControl,jcr:readAccessControl,rep:write,crx:replicate]">
        <rep:restrictions
            jcr:primaryType="rep:Restrictions"
            rep:glob="/launches"/>
    </allow4>
    <allow5
        jcr:primaryType="rep:GrantACE"
        rep:principalName="translation-job-service"
        rep:privileges="{Name}[jcr:nodeTypeManagement,jcr:read,jcr:modifyAccessControl,jcr:readAccessControl,jcr:addChildNodes,jcr:modifyProperties,jcr:lockManagement,jcr:removeChildNodes]">
        <rep:restrictions
            jcr:primaryType="rep:Restrictions"
            rep:glob="/projects"/>
    </allow5>
    <allow6
        jcr:primaryType="rep:GrantACE"
        rep:principalName="translation-job-service"
        rep:privileges="{Name}[jcr:versionManagement,jcr:read,rep:write]"/>
    <allow7
        jcr:primaryType="rep:GrantACE"
        rep:principalName="translation-preview-service"
        rep:privileges="{Name}[jcr:versionManagement,jcr:read,rep:write,jcr:lockManagement]"/>
    <allow8
        jcr:primaryType="rep:GrantACE"
        rep:principalName="workflow-process-service"
        rep:privileges="{Name}[jcr:versionManagement,jcr:read,rep:write,crx:replicate,jcr:lockManagement]"/>
    <allow9
        jcr:primaryType="rep:GrantACE"
        rep:principalName="activity-service"
        rep:privileges="{Name}[jcr:nodeTypeManagement,jcr:addChildNodes,rep:readNodes]"/>
    <allow10
        jcr:primaryType="rep:GrantACE"
        rep:principalName="activity-service"
        rep:privileges="{Name}[rep:readProperties]">
        <rep:restrictions
            jcr:primaryType="rep:Restrictions"
            rep:itemNames="{Name}[jcr:primaryType,jcr:uuid]"/>
    </allow10>
    <allow11
        jcr:primaryType="rep:GrantACE"
        rep:principalName="activity-service"
        rep:privileges="{Name}[rep:addProperties]">
        <rep:restrictions
            jcr:primaryType="rep:Restrictions"
            rep:glob="*/activities/sling:resourceType"/>
    </allow11>
    <allow12
        jcr:primaryType="rep:GrantACE"
        rep:principalName="activity-service"
        rep:privileges="{Name}[rep:addProperties]">
        <rep:restrictions
            jcr:primaryType="rep:Restrictions"
            rep:glob="*/activities/*/sling:resourceType"/>
    </allow12>
    <deny13
        jcr:primaryType="rep:DenyACE"
        rep:principalName="everyone"
        rep:privileges="{Name}[jcr:all]">
        <rep:restrictions
            jcr:primaryType="rep:Restrictions"
            rep:ntNames="{Name}[cq:meta]"/>
    </deny13>
    <deny14
        jcr:primaryType="rep:DenyACE"
        rep:principalName="everyone"
        rep:privileges="{Name}[jcr:all]">
        <rep:restrictions
            jcr:primaryType="rep:Restrictions"
            rep:glob="/*/jcr:content/cq:ActivitySettings"/>
    </deny14>
    <allow15
        jcr:primaryType="rep:GrantACE"
        rep:principalName="msm-service"
        rep:privileges="{Name}[jcr:versionManagement,jcr:read,rep:write,crx:replicate,jcr:lockManagement]"/>
    <allow16
        jcr:primaryType="rep:GrantACE"
        rep:principalName="webservice-support-replication"
        rep:privileges="{Name}[crx:replicate,jcr:read]"/>
    <allow17
        jcr:primaryType="rep:GrantACE"
        rep:principalName="campaign-remote"
        rep:privileges="{Name}[jcr:read]"/>
    <allow18
        jcr:primaryType="rep:GrantACE"
        rep:principalName="statistics-service"
        rep:privileges="{Name}[jcr:read,rep:write]">
        <rep:restrictions
            jcr:primaryType="rep:Restrictions"
            rep:glob="/*/jcr:content"/>
    </allow18>
    <allow19
        jcr:primaryType="rep:GrantACE"
        rep:principalName="statistics-service"
        rep:privileges="{Name}[jcr:read,rep:write]">
        <rep:restrictions
            jcr:primaryType="rep:Restrictions"
            rep:glob="/*/jcr:content/*"/>
    </allow19>
    <allow20
        jcr:primaryType="rep:GrantACE"
        rep:principalName="statistics-service"
        rep:privileges="{Name}[jcr:read,rep:write]">
        <rep:restrictions
            jcr:primaryType="rep:Restrictions"
            rep:ntNames="{Name}[cq:meta]"/>
    </allow20>
    <allow21
        jcr:primaryType="rep:GrantACE"
        rep:principalName="content-authors"
        rep:privileges="{Name}[jcr:versionManagement,rep:write,crx:replicate,jcr:lockManagement]"/>
    <deny22
        jcr:primaryType="rep:DenyACE"
        rep:principalName="content-authors"
        rep:privileges="{Name}[rep:write]">
        <rep:restrictions
            jcr:primaryType="rep:Restrictions"
            rep:ntNames="{Name}[cq:meta]"/>
    </deny22>
    <allow23
        jcr:primaryType="rep:GrantACE"
        rep:principalName="content-authors"
        rep:privileges="{Name}[jcr:read]">
        <rep:restrictions
            jcr:primaryType="rep:Restrictions"
            rep:ntNames="{Name}[cq:meta]"/>
    </allow23>
    <deny24
        jcr:primaryType="rep:DenyACE"
        rep:principalName="content-authors"
        rep:privileges="{Name}[jcr:modifyProperties]">
        <rep:restrictions
            jcr:primaryType="rep:Restrictions"
            rep:glob="/*/cq:target-ambits"/>
    </deny24>
    <allow25
        jcr:primaryType="rep:GrantACE"
        rep:principalName="analytics-administrators"
        rep:privileges="{Name}[rep:write]">
        <rep:restrictions
            jcr:primaryType="rep:Restrictions"
            rep:glob="/*/jcr:content/analytics*"/>
    </allow25>
    <allow26
        jcr:primaryType="rep:GrantACE"
        rep:principalName="analytics-content-updater-service"
        rep:privileges="{Name}[jcr:read]">
        <rep:restrictions
            jcr:primaryType="rep:Restrictions"
            rep:ntNames="{Name}[cq:Page]"/>
    </allow26>
    <allow27
        jcr:primaryType="rep:GrantACE"
        rep:principalName="analytics-content-updater-service"
        rep:privileges="{Name}[jcr:read,rep:write]">
        <rep:restrictions
            jcr:primaryType="rep:Restrictions"
            rep:glob="/*/jcr:content*"/>
    </allow27>
    <allow28
        jcr:primaryType="rep:GrantACE"
        rep:principalName="analytics-content-updater-service"
        rep:privileges="{Name}[jcr:read,rep:write]">
        <rep:restrictions
            jcr:primaryType="rep:Restrictions"
            rep:glob="/*/jcr:content/analytics*"/>
    </allow28>
    <allow29
        jcr:primaryType="rep:GrantACE"
        rep:principalName="reference-adjustment-service"
        rep:privileges="{Name}[jcr:read,jcr:modifyProperties]">
        <rep:restrictions
            jcr:primaryType="rep:Restrictions"
            rep:glob="/*/jcr:content"/>
    </allow29>
    <allow30
        jcr:primaryType="rep:GrantACE"
        rep:principalName="reference-adjustment-service"
        rep:privileges="{Name}[jcr:read,jcr:modifyProperties]">
        <rep:restrictions
            jcr:primaryType="rep:Restrictions"
            rep:glob="/*/jcr:content/*"/>
    </allow30>
    <allow31
        jcr:primaryType="rep:GrantACE"
        rep:principalName="launch-promote-service"
        rep:privileges="{Name}[jcr:versionManagement,jcr:read,rep:write,crx:replicate,jcr:lockManagement]"/>
    <allow32
        jcr:primaryType="rep:GrantACE"
        rep:principalName="tag-validation-service"
        rep:privileges="{Name}[jcr:read,rep:write]">
        <rep:restrictions
            jcr:primaryType="rep:Restrictions"
            rep:glob="/*/cq:tags"/>
    </allow32>
    <allow33
        jcr:primaryType="rep:GrantACE"
        rep:principalName="scene7-asset-service"
        rep:privileges="{Name}[jcr:read,rep:write]"/>
    <allow34
        jcr:primaryType="rep:GrantACE"
        rep:principalName="target-activity-authors"
        rep:privileges="{Name}[jcr:read,rep:write]">
        <rep:restrictions
            jcr:primaryType="rep:Restrictions"
            rep:subtrees="[/jcr:content/cq:ActivitySettings]"/>
    </allow34>
    <allow35
        jcr:primaryType="rep:GrantACE"
        rep:principalName="target-administrators"
        rep:privileges="{Name}[jcr:modifyProperties]">
        <rep:restrictions
            jcr:primaryType="rep:Restrictions"
            rep:glob="/*/cq:target-ambits"/>
    </allow35>
    <allow36
        jcr:primaryType="rep:GrantACE"
        rep:principalName="reference-processing-service"
        rep:privileges="{Name}[jcr:read,rep:write]">
        <rep:restrictions
            jcr:primaryType="rep:Restrictions"
            rep:glob="/*/jcr:content/*"/>
    </allow36>
    <allow37
        jcr:primaryType="rep:GrantACE"
        rep:principalName="acs-commons-twitter-updater-service"
        rep:privileges="{Name}[crx:replicate,jcr:read,jcr:modifyProperties]"/>
    <allow38
        jcr:primaryType="rep:GrantACE"
        rep:principalName="acs-commons-marketo-conf-service"
        rep:privileges="{Name}[jcr:read]"/>
    <allow39
        jcr:primaryType="rep:GrantACE"
        rep:principalName="acs-commons-component-error-handler-service"
        rep:privileges="{Name}[jcr:read]"/>
    <allow40
        jcr:primaryType="rep:GrantACE"
        rep:principalName="acs-commons-error-page-handler-service"
        rep:privileges="{Name}[jcr:read]"/>
    <allow41
        jcr:primaryType="rep:GrantACE"
        rep:principalName="acs-commons-on-deploy-scripts-service"
        rep:privileges="{Name}[jcr:versionManagement,jcr:read,rep:write,crx:replicate,jcr:lockManagement]"/>
</jcr:root>
