<?xml version="1.0" encoding="UTF-8"?>
<jcr:root xmlns:jcr="http://www.jcp.org/jcr/1.0" xmlns:dam="http://www.day.com/dam/1.0" xmlns:nt="http://www.jcp.org/jcr/nt/1.0" xmlns:rep="internal" xmlns:mix="http://www.jcp.org/jcr/mix/1.0" xmlns:sling="http://sling.apache.org/jcr/sling/1.0" xmlns:cq="http://www.day.com/jcr/cq/1.0"
    jcr:mixinTypes="[rep:AccessControllable]"
    jcr:primaryType="sling:Folder">
    <dam:batch
        jcr:primaryType="nt:unstructured"
        sling:resourceType="asset/batch"/>
    <jcr:content
        cq:allowedTemplates="[/libs/dam/templates/assetshare,/libs/dam/templates/asseteditor]"
        jcr:primaryType="nt:unstructured"
        jcr:title="Assets"/>
    <assetinsights jcr:primaryType="nt:unstructured">
        <embedcode
            jcr:primaryType="nt:unstructured"
            sling:resourceType="dam/components/assetinsights/embedcode"/>
        <pagetracker
            jcr:primaryType="nt:unstructured"
            sling:resourceType="dam/components/assetinsights/pagetracker"/>
    </assetinsights>
    <collections
        jcr:mixinTypes="[rep:AccessControllable]"
        jcr:primaryType="nt:unstructured"
        sling:resourceType="dam/collection"
        updated="{Boolean}true">
        <rep:policy/>
        <public
            jcr:mixinTypes="[rep:AccessControllable]"
            jcr:primaryType="nt:unstructured">
            <rep:policy/>
        </public>
        <f jcr:primaryType="nt:unstructured">
            <fB7mU-GV033MUOAAkhUn jcr:primaryType="nt:unstructured">
                <lightbox
                    jcr:created="{Date}2023-11-20T18:58:37.638+05:30"
                    jcr:createdBy="admin"
                    jcr:description="\0"
                    jcr:lastModified="{Date}2023-11-20T18:58:37.638+05:30"
                    jcr:lastModifiedBy="admin"
                    jcr:mixinTypes="[mix:referenceable,rep:AccessControllable]"
                    jcr:primaryType="nt:unstructured"
                    jcr:title="Lightbox"
                    jcr:uuid="78ba8e17-e68b-4576-a244-13bd1246d0fc"
                    sling:resourceSuperType="sling/collection"
                    sling:resourceType="dam/collection">
                    <sling:members jcr:primaryType="nt:unstructured"/>
                    <rep:policy/>
                </lightbox>
            </fB7mU-GV033MUOAAkhUn>
        </f>
    </collections>
    <trainingmodels
        jcr:primaryType="nt:unstructured"
        sling:resourceType="dam/trainingmodels"/>
</jcr:root>
