<?xml version="1.0" encoding="UTF-8"?>
<jcr:root xmlns:jcr="http://www.jcp.org/jcr/1.0" xmlns:nt="http://www.jcp.org/jcr/nt/1.0" xmlns:cq="http://www.day.com/jcr/cq/1.0" xmlns:sling="http://sling.apache.org/jcr/sling/1.0"
    jcr:primaryType="cq:Page">
    <jcr:content
        cq:lastModified="{Date}2023-11-20T16:30:07.651+05:30"
        cq:lastModifiedBy="admin"
        cq:tags="[]"
        cq:template="/conf/wknd/settings/wcm/templates/xf-web-variation"
        cq:xfMasterVariation="{Boolean}true"
        cq:xfVariantType="web"
        jcr:primaryType="cq:PageContent"
        jcr:title="Footer"
        sling:resourceType="wknd/components/xfpage">
        <root
            jcr:primaryType="nt:unstructured"
            sling:resourceType="wknd/components/container"
            layout="responsiveGrid">
            <separator
                jcr:primaryType="nt:unstructured"
                sling:resourceType="wknd/components/separator"/>
            <image
                jcr:created="{Date}2023-11-20T16:28:03.156+05:30"
                jcr:createdBy="admin"
                jcr:lastModified="{Date}2023-11-20T16:29:03.740+05:30"
                jcr:lastModifiedBy="admin"
                jcr:primaryType="nt:unstructured"
                jcr:title="WKND"
                sling:resourceType="wknd/components/image"
                alt="WKND"
                altValueFromDAM="false"
                displayPopupTitle="true"
                fileReference="/content/dam/wknd/en/site/wknd-logo-light.svg"
                imageFromPageImage="false"
                isDecorative="false"
                linkTarget="_self"
                linkURL="/content/wknd/us/en"
                titleValueFromDAM="false">
                <cq:responsive jcr:primaryType="nt:unstructured">
                    <default
                        jcr:primaryType="nt:unstructured"
                        offset="0"
                        width="2"/>
                </cq:responsive>
            </image>
            <navigation
                jcr:created="{Date}2023-11-20T16:29:32.042+05:30"
                jcr:createdBy="admin"
                jcr:lastModified="{Date}2023-11-20T16:29:51.399+05:30"
                jcr:lastModifiedBy="admin"
                jcr:primaryType="nt:unstructured"
                sling:resourceType="wknd/components/navigation"
                collectAllPages="false"
                disableShadowing="false"
                navigationRoot="/content/wknd/us/en"
                structureDepth="1"
                structureStart="1">
                <cq:responsive jcr:primaryType="nt:unstructured">
                    <default
                        jcr:primaryType="nt:unstructured"
                        offset="0"
                        width="8"/>
                </cq:responsive>
            </navigation>
            <text
                jcr:primaryType="nt:unstructured"
                sling:resourceType="wknd/components/text"
                text="&lt;p>Copyright 2023, WKND Sites Project.&amp;nbsp;All rights reserved.&lt;/p>&#xd;&#xa;&lt;p>345 Park Avenue,&amp;nbsp;San Jose, CA 95110-2704, USA&lt;/p>&#xd;&#xa;"
                textIsRich="true"/>
        </root>
    </jcr:content>
</jcr:root>
